Date,Name,Year,Letterboxd URI,Rating,Rewatch,Tags,Watched Date
2018-03-23,Edge of Tomorrow,2014,https://boxd.it/qarDj,5,,"science-fiction, action, tom-cruise",2015-01-11
2018-03-23,The Prestige,2006,https://boxd.it/qarEB,5,,,2015-01-11
2018-03-23,Gamer,2009,https://boxd.it/qarGH,2,,action,2015-01-11
2018-03-23,Jin-Roh: The Wolf Brigade,1999,https://boxd.it/qarKf,3,,"anime, foreign, animation",2015-04-29
2018-03-23,Creed,2015,https://boxd.it/qarMv,5,,"oscar-nom, sports",2015-12-29
2018-03-23,The Revenant,2015,https://boxd.it/qarPJ,4,,oscar-nom,2015-12-29
2018-03-23,Bridge of Spies,2015,https://boxd.it/qarSD,3,,"tom-hanks, steven-spielberg",2015-12-29
2018-03-23,The Hateful Eight,2015,https://boxd.it/qarWl,5,,"quintin-tarantino, western",2015-12-30
2018-03-23,Room,2015,https://boxd.it/qarZ5,5,,oscar-nom,2016-01-26
2018-03-23,Safety Not Guaranteed,2012,https://boxd.it/qarzV,5,,"romance, colin-treverrow",2016-02-02
2018-03-23,All the President's Men,1976,https://boxd.it/qarxF,5,,documentary-ish,2016-02-10
2018-03-23,Beasts of No Nation,2015,https://boxd.it/qarv5,5,,cary-fukunaga,2016-02-11
2018-03-23,The Warriors,1979,https://boxd.it/qarp7,4,,"cult, action",2016-02-12
2018-03-23,Manhunter,1986,https://boxd.it/qarqf,4,,,2016-02-12
2018-03-23,"The Good, the Bad and the Ugly",1966,https://boxd.it/qart9,4,,western,2016-02-12
2018-03-23,Mission: Impossible - Ghost Protocol,2011,https://boxd.it/qariZ,4,,action,2016-02-15
2018-03-23,Sin Nombre,2009,https://boxd.it/qargJ,4,,,2016-02-16
2018-03-23,Attack the Block,2011,https://boxd.it/qareN,5,,,2016-02-17
2018-03-23,John Wick,2014,https://boxd.it/qardb,4,,action,2016-02-18
2018-03-23,Léon: The Professional,1994,https://boxd.it/qaraB,5,,,2016-02-20
2018-03-23,The Big Short,2015,https://boxd.it/qar7x,5,,"oscar-nom, documentary-ish",2016-02-21
2018-03-23,Dope,2015,https://boxd.it/qar9t,5,,coming-of-age,2016-02-21
2018-03-23,Spotlight,2015,https://boxd.it/qar4t,5,,"documentary-ish, oscar-nom",2016-02-22
2018-03-23,Hitman: Agent 47,2015,https://boxd.it/qar2n,2,,"action, videogame",2016-02-23
2018-03-23,Hot Rod,2007,https://boxd.it/qaqYF,4,,comedy,2016-02-29
2018-03-23,Trumbo,2015,https://boxd.it/qar15,3,,"biopic, documentary-ish",2016-03-02
2018-03-23,Minority Report,2002,https://boxd.it/qaqW5,3,,science-fiction,2016-03-20
2018-03-23,Man of Steel,2013,https://boxd.it/qaqUt,2,,"superhero, dccu",2016-03-23
2018-03-23,Deadpool,2016,https://boxd.it/qaqRp,4,,superhero,2016-03-25
2018-03-23,The Baader Meinhof Complex,2008,https://boxd.it/qaqOZ,4,,documentary-ish,2016-03-29
2018-03-23,Cobra,1986,https://boxd.it/qaqM5,4,,"action, 80s",2016-03-30
2018-03-23,Star Wars: The Force Awakens,2015,https://boxd.it/qaqJb,4,,star-wars,2016-04-05
2018-03-23,Spy,2015,https://boxd.it/qaqDH,4,,comedy,2016-04-08
2018-03-23,Magic Mike,2012,https://boxd.it/qaqFX,5,,,2016-04-08
2018-03-23,Ip Man,2008,https://boxd.it/qaqAX,5,,"kung-fu, foreign",2016-04-28
2018-03-23,Everybody Wants Some!!,2016,https://boxd.it/qaqyn,5,,"sports, coming-of-age",2016-05-01
2018-03-23,Hard Boiled,1992,https://boxd.it/qaqvj,2,,"foreign, action",2016-05-02
2018-03-23,Batman v Superman: Dawn of Justice,2016,https://boxd.it/qaqsf,2,,"dcu, superhero",2016-05-06
2018-03-23,10 Cloverfield Lane,2016,https://boxd.it/qaqpv,3,,"thriller, cloverfield",2016-05-16
2018-03-23,Iron Man 3,2013,https://boxd.it/qaqn5,4,,"superhero, mcu",2016-05-19
2018-03-23,Creed,2015,https://boxd.it/qaqkb,4,,sports,2016-05-22
2018-03-23,Silent Hill,2006,https://boxd.it/qaqfZ,2,,horror,2016-06-28
2018-03-23,Macbeth,2015,https://boxd.it/qaqhB,3,,,2016-06-28
2018-03-23,Hellraiser,1987,https://boxd.it/qaqdz,4,,"horror, gore",2016-06-29
2018-03-23,A Fistful of Dollars,1964,https://boxd.it/qaqbD,4,,western,2016-07-24
2018-03-23,The Nice Guys,2016,https://boxd.it/qaqa1,4,,"buddy-cop, comedy",2016-08-03
2018-03-23,X-Men: Apocalypse,2016,https://boxd.it/qaq4n,1,,"x-men, superhero",2016-08-04
2018-03-23,The Purge: Election Year,2016,https://boxd.it/qaq7h,2,,action,2016-08-04
2018-03-23,Independence Day: Resurgence,2016,https://boxd.it/qapMX,2,,"action, sequel",2016-08-05
2018-03-23,Star Wars: The Force Awakens,2015,https://boxd.it/qapKH,3,,"star-wars, science-fiction",2016-08-14
2018-03-23,Green Room,2015,https://boxd.it/qapFH,5,,"horror, thriller",2016-08-16
2018-03-23,High-Rise,2015,https://boxd.it/qapHj,3,,,2016-08-16
2018-03-23,The Abyss,1989,https://boxd.it/qapCN,4,,,2016-08-18
2018-03-23,Triple 9,2016,https://boxd.it/qapn9,3,,action,2016-08-21
2018-03-23,All the President's Men,1976,https://boxd.it/qapiX,4,,documentary-ish,2016-08-23
2018-03-23,The Parallax View,1974,https://boxd.it/qapl3,2,,,2016-08-25
2018-03-23,Warcraft,2016,https://boxd.it/qape7,2,,"action, fantasy",2016-08-28
2018-03-23,Winter Kills,1979,https://boxd.it/qaphP,4,,,2016-08-28
2018-03-23,Source Code,2011,https://boxd.it/qapb3,3,,action,2016-08-29
2018-03-23,13 Hours: The Secret Soldiers of Benghazi,2016,https://boxd.it/qap9h,2,,"action, documentary-ish",2016-08-31
2018-03-23,Snatch,2000,https://boxd.it/qap3X,4,,guy-ritchie,2016-09-18
2018-03-23,Blood Father,2016,https://boxd.it/qap2P,4,,action,2016-09-22
2018-03-23,Executive Action,1973,https://boxd.it/qaoZL,3,,,2016-09-25
2018-03-23,Klute,1971,https://boxd.it/qap13,4,,,2016-09-25
2018-03-23,The Transporter,2002,https://boxd.it/qap6d,4,,action,2016-09-26
2018-03-23,London Has Fallen,2016,https://boxd.it/qaoXZ,2,,action,2016-09-27
2018-03-23,Blade,1998,https://boxd.it/qaoVf,4,,"superhero, action",2016-09-28
2018-03-23,Swiss Army Man,2016,https://boxd.it/qaoWH,3,,,2016-09-28
2018-03-23,Safe House,2012,https://boxd.it/qaoDv,4,,action,2016-11-02
2018-03-23,Windy City Heat,2003,https://boxd.it/qaoy1,5,,comedy,2016-11-03
2018-03-23,Thief,1981,https://boxd.it/qaozD,4,,,2016-11-03
2018-03-23,Westworld,1973,https://boxd.it/qaovh,3,,science-fiction,2016-11-09
2018-03-23,Fortress,1992,https://boxd.it/qaotv,3,,action,2016-11-10
2018-03-23,Dog Day Afternoon,1975,https://boxd.it/qaos3,4,,documentary-ish,2016-11-11
2018-03-23,Johnny Mnemonic,1995,https://boxd.it/qaopD,2,,science-fiction,2016-11-17
2018-03-23,Star Trek Beyond,2016,https://boxd.it/qaomp,2,,"science-fiction, star-trek, sequel",2016-11-25
2018-03-23,Repo Man,1984,https://boxd.it/qaolh,4,,,2016-12-03
2018-03-23,Ronin,1998,https://boxd.it/qaoiR,4,,heist,2016-12-17
2018-03-23,Battleship,2012,https://boxd.it/qaoh5,2,,action,2016-12-18
2018-03-23,Rogue One: A Star Wars Story,2016,https://boxd.it/qaoft,3,,"star-wars, science-fiction",2016-12-19
2018-03-23,Commando,1985,https://boxd.it/qaodR,5,,action,2017-02-04
2018-03-23,John Wick,2014,https://boxd.it/qao9b,4,,action,2017-02-10
2018-03-23,Arrival,2016,https://boxd.it/qaobB,4,,science-fiction,2017-02-11
2018-03-23,Finding Dory,2016,https://boxd.it/qao4P,4,,animated,2017-02-19
2018-03-23,Big Trouble in Little China,1986,https://boxd.it/qao7f,3,,,2017-02-19
2018-03-23,The Accountant,2016,https://boxd.it/qao2J,2,,action,2017-02-20
2018-03-23,Superman Returns,2006,https://boxd.it/qao0t,1,,superhero,2017-02-22
2018-03-23,Demolition Man,1993,https://boxd.it/qanp3,4,,action,2017-02-23
2018-03-23,The Hobbit: The Battle of the Five Armies,2014,https://boxd.it/qanjf,2,,"fantasy, lotr",2017-02-25
2018-03-23,Guardians of the Galaxy,2014,https://boxd.it/qann7,4,,"mcu, superhero",2017-02-26
2018-03-23,Passengers,2016,https://boxd.it/qan37,2,,science-fiction,2017-03-06
2018-03-23,Doctor Strange,2016,https://boxd.it/qane5,3,,"mcu, superhero",2017-03-07
2018-03-23,Jack Reacher: Never Go Back,2016,https://boxd.it/qangv,2,,"action, sequel",2017-03-07
2018-03-23,X-Men: Days of Future Past,2014,https://boxd.it/qan1b,2,,"superho, x-men",2017-03-11
2018-03-23,The Ghost Writer,2010,https://boxd.it/qamWZ,4,,"thriller, roman-polanski",2017-03-12
2018-03-23,X-Men: Apocalypse,2016,https://boxd.it/qamUf,2,,"superhero, x-men",2017-03-13
2018-03-23,Spy,2015,https://boxd.it/qamQR,5,,comedy,2017-03-24
2018-03-23,Keanu,2016,https://boxd.it/qamO7,3,,comedy,2017-03-25
2018-03-23,Ghost in the Shell,1995,https://boxd.it/qamMb,4,,"science-fiction, dystopian, foreign, japanese",2017-03-31
2018-03-23,Jack Ryan: Shadow Recruit,2014,https://boxd.it/qamJh,2,,action,2017-04-08
2018-03-23,Ant-Man,2015,https://boxd.it/qamGd,4,,"mcu, superhero",2017-04-23
2018-03-23,Man of Tai Chi,2013,https://boxd.it/qamDN,3,,kung-fu,2017-04-29
2018-03-23,Lucky Number Slevin,2006,https://boxd.it/qamxl,2,Yes,,2017-05-24
2018-03-23,Jack Reacher,2012,https://boxd.it/qamA5,3,,action,2017-05-25
2018-03-23,Guardians of the Galaxy,2014,https://boxd.it/qamuL,4,,"mcu, superhero",2017-06-11
2018-03-23,Lucy,2014,https://boxd.it/qamsb,2,,,2017-06-12
2018-03-23,Suicide Squad,2016,https://boxd.it/qamoN,2,,"dccu, superhero",2017-06-20
2018-03-23,Escape from New York,1981,https://boxd.it/qamqp,2,,,2017-06-22
2018-03-23,Sherlock Holmes: A Game of Shadows,2011,https://boxd.it/qamnl,4,,action,2017-06-25
2018-03-23,Kong: Skull Island,2017,https://boxd.it/qamkB,2,,action,2017-06-28
2018-03-23,Captain America: Civil War,2016,https://boxd.it/qami1,3,,"mcu, superhero",2017-06-29
2018-03-23,John Wick: Chapter 2,2017,https://boxd.it/qamfL,4,,action,2017-06-30
2018-03-23,Dance of the Drunk Mantis,1979,https://boxd.it/qamet,5,,"kung-fu, foreign",2017-07-04
2018-03-23,Point Blank,1967,https://boxd.it/qalJZ,4,,action,2017-07-14
2018-03-23,The Maze Runner,2014,https://boxd.it/qalH5,2,,young-adult,2017-07-16
2018-03-23,The Game,1997,https://boxd.it/qaly3,4,,"thriller, david-fincher",2017-07-19
2018-03-23,The Thin Red Line,1998,https://boxd.it/qaluZ,5,,war,2017-07-29
2018-03-23,Guardians of the Galaxy Vol. 2,2017,https://boxd.it/qaln5,4,,"mcu, superhero",2017-08-17
2018-03-23,Hunt for the Wilderpeople,2016,https://boxd.it/qalsz,5,,"taika-watiti, coming-of-age",2017-08-17
2018-03-23,Train to Busan,2016,https://boxd.it/qalkP,4,,"zombie, korean, foreign",2017-08-25
2018-03-23,Magic Mike,2012,https://boxd.it/qal9x,5,,,2017-08-26
2018-03-23,Alien: Covenant,2017,https://boxd.it/qalfP,3,,"alien, prequel, ridley-scott",2017-08-26
2018-03-23,Moana,2016,https://boxd.it/qal7B,4,,"animated, musical",2017-08-28
2018-03-23,Ghost in the Shell,2017,https://boxd.it/qakUx,2,,"science-fiction, remake",2017-09-02
2018-03-23,Alien: Covenant,2017,https://boxd.it/qakYf,3,,"science-fiction, alien, prequel, ridley-scott",2017-09-02
2018-03-23,Logan Lucky,2017,https://boxd.it/qakQF,4,,heist,2017-09-04
2018-03-23,xXx: Return of Xander Cage,2017,https://boxd.it/qal0F,4,,action,2017-09-09
2018-03-23,King Arthur: Legend of the Sword,2017,https://boxd.it/qal3J,1,,,2017-09-09
2018-03-23,The Mummy,2017,https://boxd.it/qal5l,2,,,2017-09-09
2018-03-23,Baby Driver,2017,https://boxd.it/qakIh,4,,heist,2017-09-14
2018-03-23,Cloud Atlas,2012,https://boxd.it/qakO5,4,,,2017-09-14
2018-03-23,Fantastic Beasts and Where to Find Them,2016,https://boxd.it/qakKH,2,,"fantasy, harry-potter",2017-09-15
2018-03-23,Popstar: Never Stop Never Stopping,2016,https://boxd.it/qajtF,4,,comedy,2017-09-19
2018-03-23,The Legend of Tarzan,2016,https://boxd.it/qakGb,2,,remake,2017-09-19
2018-03-23,Wild Wild West,1999,https://boxd.it/qajrz,1,,,2017-09-29
2018-03-23,Atomic Blonde,2017,https://boxd.it/qajo1,3,,action,2017-10-24
2018-03-23,Wonder Woman,2017,https://boxd.it/qajlh,2,,"mcu, superhero",2017-10-28
2018-03-23,Geostorm,2017,https://boxd.it/qajfD,2,,"action, distaster",2017-12-24
2018-03-23,What We Do in the Shadows,2014,https://boxd.it/qajiH,4,,"taika-watiti, comedy, vampires",2017-12-25
2018-03-23,Bright,2017,https://boxd.it/qaj2z,2,,"action, fantasy",2017-12-26
2018-03-23,Tinker Tailor Soldier Spy,2011,https://boxd.it/qaj5D,3,,"mystery, spy, oscar-nom",2017-12-26
2018-03-23,Rogue One: A Star Wars Story,2016,https://boxd.it/qaj9v,3,,"science-fiction, star-wars",2017-12-26
2018-03-23,The Foreigner,2017,https://boxd.it/qajcT,3,,"jackie-chan, kung-fu, action",2017-12-27
2018-03-23,"Lock, Stock and Two Smoking Barrels",1998,https://boxd.it/qaiXf,3,,"heist, action",2018-02-16
2018-03-23,Justice League,2017,https://boxd.it/qaiUP,2,,"dccu, superhero",2018-02-17
2018-03-23,Boy,2010,https://boxd.it/qaiRB,4,,"taika-watiti, coming-of-age",2018-02-18
2018-03-23,Drive,2011,https://boxd.it/qaiNf,3,,thriller,2018-02-19
2018-03-23,Enter the Dragon,1973,https://boxd.it/qaiL9,2,,"kung-fu, bruce-lee",2018-02-20
2018-03-23,Kill the Messenger,2014,https://boxd.it/qaiHr,4,,documentary-ish,2018-02-21
2018-03-23,Mr. Majestyk,1974,https://boxd.it/qaiA1,3,,action,2018-02-22
2018-03-23,Layer Cake,2004,https://boxd.it/qaiDz,4,,action,2018-02-22
2018-03-23,Mute,2018,https://boxd.it/qaiyf,3,,science-fiction,2018-02-23
2018-03-23,Out of Sight,1998,https://boxd.it/qaiwj,5,,"romance, heist, hot",2018-02-24
2018-03-23,Cleopatra Jones,1973,https://boxd.it/qaitz,2,,,2018-02-25
2018-03-23,Hard Target,1993,https://boxd.it/qailZ,2,,action,2018-02-26
2018-03-23,The Shape of Water,2017,https://boxd.it/qaipx,4,,"magical-realism, oscar-nom",2018-03-04
2018-03-23,The Long Kiss Goodnight,1996,https://boxd.it/qaikn,4,,action,2018-03-12
2018-03-23,Cobra,1986,https://boxd.it/qaicD,2,,"action, stallone, 80's",2018-03-18
2018-03-23,Blade Runner 2049,2017,https://boxd.it/qaihD,3,,"oscar-nom, science-fiction, sequel",2018-03-18
2018-03-23,"Three Billboards Outside Ebbing, Missouri",2017,https://boxd.it/qaian,4,,"oscar-nom, drama",2018-03-19
2018-03-23,Cold in July,2014,https://boxd.it/qai6l,5,,thriller,2018-03-20
2018-03-23,Spider-Man: Homecoming,2017,https://boxd.it/qahY7,4,,"superhero, mcu",2018-03-21
2018-03-23,"I, Tonya",2017,https://boxd.it/qb1kH,3.5,,"documentary-ish, black-comedy, margot-robbie, sebastian-stan",2018-03-22
2018-04-08,Four Lions,2010,https://boxd.it/qMlet,4,,black-comedy,2018-03-27
2018-04-08,Black Panther,2018,https://boxd.it/qMl7R,3.5,,mcu,2018-04-06
2018-04-11,Ready Player One,2018,https://boxd.it/qRU4X,1.5,,"spielberg, science-fiction",2018-04-08
2018-04-16,Isle of Dogs,2018,https://boxd.it/r3vAN,4,,"stopmotion, wes-anderson",2018-04-14
2018-04-18,Annihilation,2018,https://boxd.it/r95nl,3.5,,science-fiction,2018-04-17
2018-04-22,A Quiet Place,2018,https://boxd.it/rg1Ff,4,,thriller,2018-04-21
2018-04-24,You Were Never Really Here,2017,https://boxd.it/rjyCp,4.5,,"damaged-goods, rescued-the-wrong-person",2018-04-22
2018-04-29,Thor: Ragnarok,2017,https://boxd.it/ruhnz,3.5,Yes,mcu,2018-04-27
2018-04-30,Adventureland,2009,https://boxd.it/rykPp,2.5,,,2018-04-27
2018-04-30,Avengers: Infinity War,2018,https://boxd.it/rykRv,2,,,2018-04-29
2018-06-02,Deadpool 2,2018,https://boxd.it/sCLAN,3.5,,,2018-05-19
2018-06-02,Magic Mike XXL,2015,https://boxd.it/sCLgD,3,,,2018-05-26
2018-06-02,Deadpool,2016,https://boxd.it/sCLpP,3.5,Yes,,2018-05-29
2018-06-02,Star Wars: The Force Awakens,2015,https://boxd.it/sCLsp,3.5,Yes,,2018-05-29
2018-06-02,Solo: A Star Wars Story,2018,https://boxd.it/sCLmV,4,,,2018-05-31
2018-06-05,Upgrade,2018,https://boxd.it/sK2wR,4,,"action, ai",2018-06-02
2018-06-12,Ocean's Eight,2018,https://boxd.it/sZXx3,3,,,2018-06-08
2018-06-12,American Animals,2018,https://boxd.it/sZXzj,3,,,2018-06-09
2018-06-12,Hotel Artemis,2018,https://boxd.it/sZXsx,3,,,2018-06-10
2018-06-25,Tag,2018,https://boxd.it/trCHR,3.5,,,2018-06-23
2018-06-25,Incredibles 2,2018,https://boxd.it/trCFr,3.5,,,2018-06-24
2018-07-11,Jurassic World: Fallen Kingdom,2018,https://boxd.it/tYQEN,2,,,2018-07-09
2018-07-14,Sicario: Day of the Soldado,2018,https://boxd.it/u6ojN,2,,,2018-07-13
2018-07-16,Mission: Impossible,1996,https://boxd.it/ub7fz,3,,,2018-07-15
2018-07-18,Tomb Raider,2018,https://boxd.it/uePoL,3,,,2018-07-16
2018-07-30,Equilibrium,2002,https://boxd.it/uHT8Z,1,,,2018-07-29
2018-07-30,Red Sparrow,2018,https://boxd.it/uIYiH,3,,,2018-07-30
2018-08-02,Tell No One,2006,https://boxd.it/uQ7Rl,4,,,2018-08-01
2018-08-07,Rampage,2018,https://boxd.it/v1eUX,3,,,2018-08-05
2018-08-07,Game Night,2018,https://boxd.it/v1eZ9,3,,,2018-08-05
2018-08-08,Mission: Impossible - Fallout,2018,https://boxd.it/v4kiV,3,,,2018-08-06
2018-08-08,Triple 9,2016,https://boxd.it/v4Lbd,3,Yes,,2018-08-07
2018-08-12,Skyscraper,2018,https://boxd.it/vdNm1,3,,,2018-08-11
2018-08-15,The Hurricane Heist,2018,https://boxd.it/vlG8x,2,,,2018-08-14
2018-08-17,Den of Thieves,2018,https://boxd.it/vq5lf,2,,,2018-08-16
2018-08-19,The Hitman's Bodyguard,2017,https://boxd.it/vv7wJ,4,,,2018-08-18
2018-08-21,The Death of Stalin,2017,https://boxd.it/vzHcX,4,,,2018-08-19
2018-08-23,Wind River,2017,https://boxd.it/vFWLF,4,,,2018-08-22
2018-08-25,Chinatown,1974,https://boxd.it/vL2uF,4,,,2018-08-24
2018-08-29,The Terminator,1984,https://boxd.it/vUPfx,4,,,2018-08-26
2018-08-29,Papillon,2017,https://boxd.it/vUPdr,2,,,2018-08-28
2018-09-05,Deadpool 2,2018,https://boxd.it/wb9nt,3,Yes,,2018-09-03
2018-09-17,Tampopo,1985,https://boxd.it/wC4i3,3,,,2018-09-17
2018-09-24,Spectre,2015,https://boxd.it/wQIKJ,3,,,2018-09-22
2018-09-24,Inside Man,2006,https://boxd.it/wQIJB,4,,,2018-09-23
2018-09-27,My Neighbor Totoro,1988,https://boxd.it/wWIn3,4,,,2018-09-26
2018-09-28,Live by Night,2016,https://boxd.it/wYBHf,3,,,2018-09-27
2018-10-01,Blade of the Immortal,2017,https://boxd.it/x5MxJ,2,,,2018-09-30
2018-10-17,Public Enemies,2009,https://boxd.it/xHUmb,2,,,2018-10-15
2018-10-25,Coco,2017,https://boxd.it/y1BWf,4,,,2018-10-20
2018-10-25,Collateral,2004,https://boxd.it/y1Ouj,4,,,2018-10-24
2018-10-26,In Order of Disappearance,2014,https://boxd.it/y3TfH,4,,,2018-10-25
2018-10-31,The Last Airbender,2010,https://boxd.it/yfOwd,2,,,2018-10-30
2018-11-05,The Titan,2018,https://boxd.it/yqtop,2,,,2018-11-03
2018-11-05,Righteous Kill,2008,https://boxd.it/yqtsh,1,,,2018-11-03
2018-11-05,Swordfish,2001,https://boxd.it/yqtw9,2,,,2018-11-03
2018-11-13,The Outsider,2018,https://boxd.it/yK9Rr,2,,,2018-11-11
2018-11-13,Acts of Vengeance,2017,https://boxd.it/yK9Ub,1,,,2018-11-11
2018-11-13,Outlaw King,2018,https://boxd.it/yKa2p,2,,,2018-11-11
2018-11-27,The Ballad of Buster Scruggs,2018,https://boxd.it/zlnmB,3,,,2018-11-18
2018-11-27,Sorry to Bother You,2018,https://boxd.it/zlnoH,4,,,2018-11-18
2018-11-27,Incredibles 2,2018,https://boxd.it/zlntx,3,Yes,,2018-11-22
2018-12-02,Venom,2018,https://boxd.it/zwSON,3,,,2018-11-29
2018-12-02,Mile 22,2018,https://boxd.it/zxwuD,1,,,2018-12-01
2018-12-06,Peppermint,2018,https://boxd.it/zHJOB,2,,,2018-12-05
2019-01-05,The Predator,2018,https://boxd.it/Bjj3J,3,,,2018-12-21
2018-12-29,Bad Times at the El Royale,2018,https://boxd.it/AKdsj,4,,,2018-12-27
2018-12-31,Spider-Man: Into the Spider-Verse,2018,https://boxd.it/AQ0BJ,5,,,2018-12-29
2018-12-31,Gringo,2018,https://boxd.it/AToU7,2.5,,,2018-12-30
2019-01-05,BlacKkKlansman,2018,https://boxd.it/BjAhX,3,,,2019-01-04
2019-01-10,Mandy,2018,https://boxd.it/BGvd3,3,,,2019-01-09
2019-01-13,Split,2016,https://boxd.it/BSYjX,4,,,2019-01-13
2019-01-20,Total Recall,1990,https://boxd.it/CjhJx,4,,,2019-01-19
2019-01-22,Next,2007,https://boxd.it/CrtbD,1.5,,,2019-01-21
2019-01-24,The Commuter,2018,https://boxd.it/CyCgh,2,,,2019-01-23
2019-01-26,Paddington,2014,https://boxd.it/CFbZD,4.5,,,2019-01-25
2019-01-26,Widows,2018,https://boxd.it/CFuyB,3.5,,,2019-01-26
2019-01-27,The Standoff at Sparrow Creek,2018,https://boxd.it/CJ4M1,4,,,2019-01-26
2019-01-27,Aquaman,2018,https://boxd.it/CJBI7,2.5,,,2019-01-26
2019-01-28,Witness,1985,https://boxd.it/CO0h9,3.5,,"action, thriller",2019-01-27
2019-02-06,Paddington 2,2017,https://boxd.it/Dj6LL,4,,,2019-02-03
2019-02-17,Raising Arizona,1987,https://boxd.it/DSzn9,3.5,,,2019-02-15
2019-02-17,You Were Never Really Here,2017,https://boxd.it/DSYeV,5,Yes,,2019-02-16
2019-02-18,Inherent Vice,2014,https://boxd.it/DWbi3,3,,,2019-02-17
2019-02-18,Kiss Kiss Bang Bang,2005,https://boxd.it/DXsEH,4,,,2019-02-17
2019-02-19,The Favourite,2018,https://boxd.it/E0Vof,3,,,2019-02-18
2019-02-20,Braven,2018,https://boxd.it/E4feF,3,,,2019-02-19
2019-02-23,Out of Sight,1998,https://boxd.it/EdY0h,4.5,Yes,,2019-02-22
2019-02-26,Bloodsport,1988,https://boxd.it/EomZj,2.5,,,2019-02-25
2019-03-07,Layer Cake,2004,https://boxd.it/EPSJV,3.5,Yes,,2019-03-05
2019-03-09,Heat,1995,https://boxd.it/EV6wh,4.5,,,2019-03-07
2019-03-09,Doom,2005,https://boxd.it/EV6Jl,2,,,2019-03-07
2019-03-10,The Emperor's New Groove,2000,https://boxd.it/EXWYh,4.5,,,2019-03-08
2019-03-14,Hot Fuzz,2007,https://boxd.it/Fcgdj,3.5,,,2019-03-12
2019-03-16,The Crew,2015,https://boxd.it/FilEh,3,,,2019-03-14
2019-03-17,Hell or High Water,2016,https://boxd.it/FmPRN,4.5,,,2019-03-15
2019-03-17,As Good as It Gets,1997,https://boxd.it/FnAur,3.5,,"rom-com, poor-ager, feel-good",2019-03-16
2019-03-21,The Fugitive,1993,https://boxd.it/FzR8r,4,,"thriller, feel-good, wm-heavy",2019-03-20
2019-03-21,Overlord,2018,https://boxd.it/FA8z5,3.5,,"body-horror, thriller",2019-03-20
2019-03-22,Destroyer,2018,https://boxd.it/FCWhz,3.5,,action,2019-03-21
2019-03-23,The Silence of the Lambs,1991,https://boxd.it/FFRBZ,4,,thriller,2019-03-23
2019-03-28,Akira,1988,https://boxd.it/FWvx1,4.5,,,2019-03-27
2019-03-29,Ghost in the Shell,1995,https://boxd.it/FZbql,3.5,Yes,,2019-03-28
2019-04-05,Bumblebee,2018,https://boxd.it/GiYvR,1.5,,,2019-04-04
2019-04-12,The Man from Nowhere,2010,https://boxd.it/GDSaF,3,,,2019-04-11
2019-04-17,Ocean's Eleven,2001,https://boxd.it/GRB2d,5,,,2019-04-15
2019-04-19,Ocean's Twelve,2004,https://boxd.it/GVUQp,2,,,2019-04-17
2019-04-21,Ocean's Thirteen,2007,https://boxd.it/H2eF9,3,,,2019-04-20
2019-05-01,Captain Marvel,2019,https://boxd.it/HyTcL,4,,,2019-04-30
2019-05-02,Avengers: Endgame,2019,https://boxd.it/HA5HD,2,,,2019-05-01
2019-05-03,Glass,2019,https://boxd.it/HEePJ,2.5,,,2019-05-02
2019-05-05,Shadow,2018,https://boxd.it/HLwov,3.5,,,2019-05-05
2019-05-06,Thor: Ragnarok,2017,https://boxd.it/HOqMx,3.5,Yes,,2019-05-05
2019-05-07,Ant-Man and the Wasp,2018,https://boxd.it/HPDzD,3,,,2019-05-05
2019-05-12,Shaft,1971,https://boxd.it/I4G6z,2,,,2019-05-12
2019-05-13,Shaft,2000,https://boxd.it/I7LXf,1,,,2019-05-13
2019-05-14,Cold Pursuit,2019,https://boxd.it/IavLj,2,,,2019-05-13
2019-05-17,Serenity,2019,https://boxd.it/IgI1F,1.5,,,2019-05-15
2019-05-20,John Wick: Chapter 2,2017,https://boxd.it/Iq9qF,4,Yes,,2019-05-18
2019-05-23,Fantastic Beasts: The Crimes of Grindelwald,2018,https://boxd.it/IAdKz,1.5,,,2019-05-22
2019-05-23,Toy Story 2,1999,https://boxd.it/IAwIR,4,,,2019-05-22
2019-05-26,Robin Hood,2018,https://boxd.it/IHDkr,1.5,,,2019-05-24
2019-05-26,Toy Story 3,2010,https://boxd.it/IJApH,5,,,2019-05-25
2019-05-27,Point Break,1991,https://boxd.it/INn9z,4,,,2019-05-26
2019-05-29,A History of Violence,2005,https://boxd.it/IU2aZ,4,,,2019-05-28
2019-06-03,Raiders of the Lost Ark,1981,https://boxd.it/J7yNb,4,,,2019-05-30
2019-06-13,Pokémon Detective Pikachu,2019,https://boxd.it/JCRKR,3.5,,,2019-05-31
2019-06-05,John Wick,2014,https://boxd.it/JeQmr,4,Yes,,2019-06-04
2019-06-07,"Extremely Wicked, Shockingly Evil and Vile",2019,https://boxd.it/Jkxmz,3,,,2019-06-05
2019-06-08,Con Air,1997,https://boxd.it/JncOj,2,,,2019-06-07
2019-06-09,I Am Mother,2019,https://boxd.it/JpCE9,3,,,2019-06-07
2019-06-14,"Monsters, Inc.",2001,https://boxd.it/JEaWT,4,,,2019-06-12
2019-06-15,Predestination,2014,https://boxd.it/JIPM9,4,,,2019-06-14
2019-06-17,Déjà Vu,2006,https://boxd.it/JPnpb,3,,,2019-06-16
2019-06-17,2036: Nexus Dawn,2017,https://boxd.it/JPxJF,3,,,2019-06-16
2019-06-17,2048: Nowhere to Run,2017,https://boxd.it/JPxSR,2,,,2019-06-16
2019-06-17,Blade Runner: Black Out 2022,2017,https://boxd.it/JPzAb,4,,,2019-06-16
2019-06-18,"Hail, Caesar!",2016,https://boxd.it/JSHu7,2,,,2019-06-17
2019-06-22,Crimson Tide,1995,https://boxd.it/K3S5J,3.5,,,2019-06-22
2019-06-28,Spider-Man: Into the Spider-Verse,2018,https://boxd.it/KkxmD,4.5,Yes,,2019-06-26
2019-06-30,Idiocracy,2006,https://boxd.it/KpFxp,2.5,,,2019-06-27
2019-06-30,Last Action Hero,1993,https://boxd.it/KrPGZ,4,,,2019-06-29
2019-07-01,Burn After Reading,2008,https://boxd.it/KtANv,5,,,2019-06-30
2019-07-01,Get Out,2017,https://boxd.it/KvIqt,4.5,,,2019-06-30
2019-07-02,No Country for Old Men,2007,https://boxd.it/KysWT,5,,,2019-07-01
2019-07-08,Ice Age,2002,https://boxd.it/KRoc1,1.5,,,2019-07-06
2019-07-09,Alita: Battle Angel,2019,https://boxd.it/KTtvB,2,,,2019-07-07
2019-07-09,Captain America: The First Avenger,2011,https://boxd.it/KTtyb,2.5,,,2019-07-07
2019-07-09,Captain America: The Winter Soldier,2014,https://boxd.it/KTtAh,3.5,,,2019-07-07
2019-07-10,The Fast and the Furious,2001,https://boxd.it/KWlyD,3,,,2019-07-08
2019-07-13,The Lobster,2015,https://boxd.it/L7v0j,4,,,2019-07-13
2019-07-14,Under the Silver Lake,2018,https://boxd.it/LaDrN,2.5,,,2019-07-13
2019-07-15,Aliens,1986,https://boxd.it/Ldu7v,3.5,,,2019-07-14
2019-07-15,The Crow,1994,https://boxd.it/Le5q5,3.5,,,2019-07-14
2019-07-16,2 Fast 2 Furious,2003,https://boxd.it/Lhm6x,4,,,2019-07-15
2019-07-17,Batman Begins,2005,https://boxd.it/LkbMt,3,,,2019-07-15
2019-07-22,John Carter,2012,https://boxd.it/LzPln,1.5,,,2019-07-20
2019-07-22,Indiana Jones and the Last Crusade,1989,https://boxd.it/LA681,4,,,2019-07-21
2019-07-22,The Hangover,2009,https://boxd.it/LAzEv,3.5,,,2019-07-21
2019-07-30,Billy Elliot,2000,https://boxd.it/M0Vbn,4,,,2019-07-29
2019-08-01,Pocahontas,1995,https://boxd.it/M7qK1,2.5,,,2019-07-31
2019-08-10,Shazam!,2019,https://boxd.it/MxYWd,1.5,,,2019-08-09
2019-08-10,The Dark Knight,2008,https://boxd.it/MzkFb,3.5,,,2019-08-09
2019-08-11,The Pink Panther,2006,https://boxd.it/MCIXz,1.5,,,2019-08-10
2019-08-12,Inglourious Basterds,2009,https://boxd.it/MGEXX,3.5,,,2019-08-11
2019-08-13,Mission: Impossible - Ghost Protocol,2011,https://boxd.it/MK97p,4,Yes,,2019-08-12
2019-08-13,Robin Hood,2010,https://boxd.it/MKkoL,2,,,2019-08-12
2019-08-14,The Fast and the Furious: Tokyo Drift,2006,https://boxd.it/MMEg7,3.5,,,2019-08-13
2019-08-15,Mission: Impossible - Rogue Nation,2015,https://boxd.it/MOIWF,4.5,,,2019-08-13
2019-08-15,Morgan,2016,https://boxd.it/MPQ81,2,,,2019-08-14
2019-08-15,Horrible Bosses,2011,https://boxd.it/MQiqn,4,,,2019-08-14
2019-08-15,RED,2010,https://boxd.it/MQDtd,2,,,2019-08-14
2019-08-15,Tag,2018,https://boxd.it/MQUJd,3.5,Yes,,2019-08-14
2019-08-21,Us,2019,https://boxd.it/N9GFp,3.5,,,2019-08-19
2019-08-21,Dazed and Confused,1993,https://boxd.it/N9GHP,2.5,,,2019-08-19
2019-08-29,Paris Is Burning,1990,https://boxd.it/NB1ND,5,,,2019-08-28
2019-09-02,The Wandering Earth,2019,https://boxd.it/NO6hN,2,,,2019-08-31
2019-09-02,Ralph Breaks the Internet,2018,https://boxd.it/NOfKJ,2,,,2019-09-01
2019-09-04,The Lord of the Rings: The Two Towers,2002,https://boxd.it/NV4OJ,4,,,2019-09-02
2019-09-04,The Lord of the Rings: The Return of the King,2003,https://boxd.it/NV4Qb,3,,,2019-09-03
2019-09-07,Travis Scott: Look Mom I Can Fly,2019,https://boxd.it/O4lld,2,,,2019-09-06
2019-09-16,Tomb Raider,2018,https://boxd.it/Ow4tv,3,,,2019-09-14
2019-09-21,Unicorn Store,2017,https://boxd.it/OMHH9,2,,,2019-09-20
2019-09-27,Her,2013,https://boxd.it/P4xId,3.5,,,2019-09-25
2019-09-29,John Wick: Chapter 3 - Parabellum,2019,https://boxd.it/PbSTF,3.5,,,2019-09-27
2019-09-29,Dark Phoenix,2019,https://boxd.it/PbSYP,1.5,,,2019-09-27
2019-09-29,Polar,2019,https://boxd.it/PceKP,1,,,2019-09-28
2019-09-30,The Night Comes for Us,2018,https://boxd.it/Pg7n3,3.5,,,2019-09-29
2019-10-01,Ad Astra,2019,https://boxd.it/Pj4h3,4,,,2019-09-30
2019-10-08,Spider-Man: Far from Home,2019,https://boxd.it/PGpMn,2.5,,,2019-10-06
2019-10-08,Godzilla: King of the Monsters,2019,https://boxd.it/PGpPh,1.5,,,2019-10-06
2019-10-08,The American,2010,https://boxd.it/PILYf,4,,,2019-10-07
2019-10-10,Burning,2018,https://boxd.it/POYwZ,4,,,2019-10-09
2019-10-10,The Siege of Jadotville,2016,https://boxd.it/PPAtp,2.5,,,2019-10-09
2019-10-14,Jackie Brown,1997,https://boxd.it/Q2Okn,3.5,,,2019-10-12
2019-10-15,Kedi,2016,https://boxd.it/Q9R4r,5,,,2019-10-14
2019-10-18,Insidious,2010,https://boxd.it/Qilw7,2.5,,,2019-10-16
2019-10-25,Rosemary's Baby,1968,https://boxd.it/QHGdv,4,,,2019-10-23
2019-11-02,The Thing,1982,https://boxd.it/RbIOj,4,,,2019-10-31
2019-11-05,In the Shadow of the Moon,2019,https://boxd.it/RoSo7,2,,,2019-11-03
2019-11-07,Dante's Peak,1997,https://boxd.it/RvgWp,1.5,,,2019-11-05
2019-11-11,District 9,2009,https://boxd.it/RMSUZ,3.5,,,2019-11-10
2019-11-14,Star Wars: The Last Jedi,2017,https://boxd.it/RVA7D,2,,,2019-11-12
2019-11-14,Rumble in the Bronx,1995,https://boxd.it/RXfbt,3.5,,,2019-11-13
2019-11-27,Mad Max: Fury Road,2015,https://boxd.it/SIZ9n,4.5,,,2019-11-16
2019-11-18,mother!,2017,https://boxd.it/Scqvf,2.5,,,2019-11-17
2019-11-20,Joker,2019,https://boxd.it/SiXeN,3.5,,,2019-11-19
2019-11-21,GoldenEye,1995,https://boxd.it/Sm1sb,3.5,,,2019-11-20
2019-11-21,Tomorrow Never Dies,1997,https://boxd.it/SmaPX,4,,,2019-11-20
2019-11-24,Once Upon a Time… in Hollywood,2019,https://boxd.it/SvXD5,3.5,,,2019-11-22
2019-11-24,Shaun of the Dead,2004,https://boxd.it/SvXIz,2.5,,,2019-11-22
2019-11-24,Kingsman: The Secret Service,2014,https://boxd.it/SvXNJ,3.5,,,2019-11-23
2019-11-24,Kingsman: The Golden Circle,2017,https://boxd.it/SwGeJ,1.5,,,2019-11-23
2019-11-25,Fantastic Mr. Fox,2009,https://boxd.it/SC7Vv,4.5,,,2019-11-24
2019-11-28,Minions,2015,https://boxd.it/SMtnP,2,,,2019-11-27
2019-12-01,Hunt for the Wilderpeople,2016,https://boxd.it/SWlXZ,5,Yes,,2019-11-29
2019-12-01,Harry Potter and the Half-Blood Prince,2009,https://boxd.it/SWnmL,2,,,2019-11-30
2019-12-02,The Last Black Man in San Francisco,2019,https://boxd.it/T2DnH,4.5,,,2019-12-01
2019-12-02,Yesterday,2019,https://boxd.it/T2DL5,3,,,2019-12-01
2019-12-02,Harry Potter and the Deathly Hallows: Part 2,2011,https://boxd.it/T2E7l,2.5,,,2019-12-01
2019-12-08,El Camino: A Breaking Bad Movie,2019,https://boxd.it/TqRIn,3.5,,,2019-12-07
2019-12-08,Drive,2011,https://boxd.it/Trcs1,3.5,Yes,,2019-12-07
2019-12-13,Fast & Furious Presents: Hobbs & Shaw,2019,https://boxd.it/TJmC7,2.5,,,2019-12-08
2019-12-13,Angel Has Fallen,2019,https://boxd.it/TKArp,1.5,,,2019-12-12
2019-12-15,6 Underground,2019,https://boxd.it/TQul3,1,,,2019-12-14
2019-12-27,Hustlers,2019,https://boxd.it/UMt97,4.5,,,2019-12-19
2019-12-27,Catch Me If You Can,2002,https://boxd.it/UMsZL,3.5,,,2019-12-24
2019-12-27,Star Wars: The Rise of Skywalker,2019,https://boxd.it/UMPBx,3,,,2019-12-25
2019-12-28,The Irishman,2019,https://boxd.it/USL8t,4,,,2019-12-27
2019-12-30,Self/less,2015,https://boxd.it/V5deX,1,,,2019-12-29
2019-12-30,"I, Tonya",2017,https://boxd.it/V5JDF,3,Yes,,2019-12-29
2019-12-31,Dr. No,1962,https://boxd.it/V9P6P,4,,,2019-12-30
2020-01-01,From Russia with Love,1963,https://boxd.it/Ve4l9,4,,,2019-12-30
2020-01-01,Goldfinger,1964,https://boxd.it/VfdZT,3,,,2019-12-31
2020-01-01,Thunderball,1965,https://boxd.it/VfOdn,2,,,2019-12-31
2020-01-02,Panic Room,2002,https://boxd.it/VpGSd,4,,,2020-01-01
2020-01-04,Parasite,2019,https://boxd.it/VDqtz,5,,,2020-01-03
2020-01-05,Shot Caller,2017,https://boxd.it/VIfW1,3,,,2020-01-04
2020-01-05,Sweet Virginia,2017,https://boxd.it/VISxp,3,,,2020-01-04
2020-01-05,A Serious Man,2009,https://boxd.it/VJy53,3,,,2020-01-04
2020-01-09,Star Wars: Episode III - Revenge of the Sith,2005,https://boxd.it/W3dJV,2,,,2020-01-06
2020-01-08,Star Wars: Episode I - The Phantom Menace,1999,https://boxd.it/W1rGx,3,,,2020-01-07
2020-01-08,Star Wars: Episode II - Attack of the Clones,2002,https://boxd.it/W1sjJ,1.5,,,2020-01-07
2020-01-09,Star Wars,1977,https://boxd.it/W45qX,4,,,2020-01-08
2020-01-09,The Empire Strikes Back,1980,https://boxd.it/W6vVh,4,,,2020-01-08
2020-01-09,Return of the Jedi,1983,https://boxd.it/W6w4t,2.5,,,2020-01-08
2020-01-09,Honeyland,2019,https://boxd.it/W6XeZ,3,,,2020-01-08
2020-01-12,Becoming Jane,2007,https://boxd.it/Wop0F,2,,,2020-01-11
2020-01-13,Little Women,2019,https://boxd.it/WwPeJ,3.5,,,2020-01-12
2020-01-15,Event Horizon,1997,https://boxd.it/WIdcz,3,,,2020-01-14
2020-01-15,The French Connection,1971,https://boxd.it/WIH09,3,,,2020-01-14
2020-01-20,Furie,2019,https://boxd.it/Xbael,2.5,,,2020-01-19
2020-01-29,Goldman v Silverman,2020,https://boxd.it/XV0Pj,2.5,,,2020-01-19
2020-01-23,Only God Forgives,2013,https://boxd.it/XrjTf,3,,,2020-01-22
2020-01-24,The Two Popes,2019,https://boxd.it/XwaH5,4,,,2020-01-23
2020-01-25,The World Is Not Enough,1999,https://boxd.it/XAzjb,2,,,2020-01-24
2020-01-25,Snowpiercer,2013,https://boxd.it/XB2bZ,3,,,2020-01-24
2020-01-29,1917,2019,https://boxd.it/XXNpX,4,,,2020-01-28
2020-02-07,Pan's Labyrinth,2006,https://boxd.it/YFxHT,4,,,2020-02-05
2020-02-07,American Assassin,2017,https://boxd.it/YIpZV,1.5,,,2020-02-06
2020-04-01,Gemini Man,2019,https://boxd.it/13EJKD,4,,,2020-02-08
2020-02-20,You Were Never Really Here,2017,https://boxd.it/ZSiqj,4,Yes,,2020-02-18
2020-02-21,Knives Out,2019,https://boxd.it/ZWLAl,4,,,2020-02-19
2020-02-23,Logan Lucky,2017,https://boxd.it/108JGl,4,Yes,,2020-02-21
2020-02-23,Jojo Rabbit,2019,https://boxd.it/108Lmx,3.5,,,2020-02-22
2020-03-09,Free Fire,2016,https://boxd.it/11lRSJ,3,,,2020-03-08
2020-03-09,The Score,2001,https://boxd.it/11mtKj,3,,,2020-03-08
2020-03-20,The Fugitive,1993,https://boxd.it/12d8YP,4,Yes,,2020-03-17
2020-03-22,The Naked Gun: From the Files of Police Squad!,1988,https://boxd.it/12rQLN,3.5,,,2020-03-21
2020-03-22,The Other Guys,2010,https://boxd.it/12rQSf,2,,,2020-03-21
2020-03-27,Dirty Harry,1971,https://boxd.it/12YjhB,3,,,2020-03-25
2020-03-28,Slow West,2015,https://boxd.it/139TKr,4.5,,,2020-03-28
2020-03-31,Eyes Wide Shut,1999,https://boxd.it/13ymc7,4,,,2020-03-30
2020-04-03,No Country for Old Men,2007,https://boxd.it/13OOEv,5,Yes,,2020-04-01
2020-04-04,The Art of Self-Defense,2019,https://boxd.it/140ViZ,2,,,2020-04-02
2020-04-04,Midsommar,2019,https://boxd.it/140UzF,4,,,2020-04-03
2020-04-07,Onward,2020,https://boxd.it/14kjtl,2.5,,,2020-04-05
2020-04-08,American Ultra,2015,https://boxd.it/14t2dt,2,,,2020-04-06
2020-04-13,28 Days Later,2002,https://boxd.it/159njh,2.5,,,2020-04-10
2020-04-13,Portrait of a Lady on Fire,2019,https://boxd.it/159mXl,3.5,,,2020-04-11
2020-04-18,Killing Them Softly,2012,https://boxd.it/15NEph,3.5,,,2020-04-17
2020-04-26,Extraction,2020,https://boxd.it/16KeL5,3.5,,,2020-04-25
2020-04-27,The Adventures of Tintin,2011,https://boxd.it/16UyMd,4,,,2020-04-26
2020-04-28,The Limey,1999,https://boxd.it/173IDN,3.5,,,2020-04-27
2020-04-29,Haywire,2011,https://boxd.it/17a7nd,2,,,2020-04-28
2020-05-01,Lethal Weapon,1987,https://boxd.it/17lLjH,3.5,,,2020-04-30
2020-05-02,Frozen II,2019,https://boxd.it/17sE9J,1.5,,,2020-04-30
2020-05-04,Dolemite Is My Name,2019,https://boxd.it/17P1e7,4,,,2020-05-03
2020-05-06,Star Wars: The Rise of Skywalker,2019,https://boxd.it/17Z9ux,2,Yes,,2020-05-04
2020-05-10,High-Rise,2015,https://boxd.it/18rNR3,2.5,Yes,,2020-05-07
2020-05-11,The Perks of Being a Wallflower,2012,https://boxd.it/18Buxt,1.5,,,2020-05-09
2020-05-14,Captain America: The Winter Soldier,2014,https://boxd.it/18UW2r,2.5,Yes,,2020-05-12
2020-05-21,Good Time,2017,https://boxd.it/19JgJb,3.5,,,2020-05-19
2020-05-22,Road to Perdition,2002,https://boxd.it/19QqU3,1.5,,,2020-05-20
2020-05-26,Ace Ventura: Pet Detective,1994,https://boxd.it/1anDrT,2.5,,,2020-05-24
2020-05-31,Annihilation,2018,https://boxd.it/1aQHnf,4,Yes,,2020-05-29
2020-06-02,Cop Land,1997,https://boxd.it/1b4KWl,4,,,2020-05-31
2020-06-08,Super 8,2011,https://boxd.it/1bKkLv,3,,,2020-06-06
2020-06-09,Starship Troopers,1997,https://boxd.it/1bPoIF,4,,,2020-06-07
2020-06-11,Mission: Impossible - Fallout,2018,https://boxd.it/1c276Z,4,Yes,,2020-06-09
2020-06-16,Gladiator,2000,https://boxd.it/1czMCt,4,,,2020-06-12
2020-06-17,Ad Astra,2019,https://boxd.it/1cFESl,4.5,Yes,,2020-06-16
2020-06-23,Mulan,1998,https://boxd.it/1dgscL,3.5,,,2020-06-20
2020-06-29,Air Force One,1997,https://boxd.it/1dUUeP,2.5,,,2020-06-28
2020-07-07,Spider-Man: Into the Spider-Verse,2018,https://boxd.it/1eJD7p,4.5,Yes,,2020-07-04
2020-07-14,Kedi,2016,https://boxd.it/1fsZSR,5,Yes,,2020-07-12
2020-07-23,Knives Out,2019,https://boxd.it/1gpR3f,4,Yes,,2020-07-22
2020-07-27,Palm Springs,2020,https://boxd.it/1gQ59N,4,,,2020-07-24
2020-07-27,The Old Guard,2020,https://boxd.it/1gQ4Nd,3,,,2020-07-26
2020-07-28,Salt,2010,https://boxd.it/1gWomD,2,,,2020-07-27
2020-07-29,Hostage,2005,https://boxd.it/1h2wYd,2,,,2020-07-28
2020-07-31,The Saint,1997,https://boxd.it/1heGiP,2,,,2020-07-30
2020-08-02,Black Sea,2014,https://boxd.it/1hqvyr,4,,,2020-08-01
2020-08-03,The Firm,1993,https://boxd.it/1hyi6b,3,,,2020-08-02
2020-08-09,Mad Max,1979,https://boxd.it/1i9oER,3,,,2020-08-08
2020-08-09,2012,2009,https://boxd.it/1iaffv,2,,,2020-08-09
2020-08-10,Gone Girl,2014,https://boxd.it/1ihxJH,4,,,2020-08-09
2020-08-16,Fantastic Beasts: The Crimes of Grindelwald,2018,https://boxd.it/1iU9HF,1.5,Yes,,2020-08-15
2020-08-16,Birds of Prey (and the Fantabulous Emancipation of One Harley Quinn),2020,https://boxd.it/1iU9Zp,2,,,2020-08-15
2020-08-27,Project Power,2020,https://boxd.it/1k23AN,2,,,2020-08-26
2020-08-28,Total Recall,1990,https://boxd.it/1k4zgp,3.5,Yes,,2020-08-27
2020-08-29,The Last Days of American Crime,2020,https://boxd.it/1kfklB,1,,,2020-08-28
2020-09-01,Walk Hard: The Dewey Cox Story,2007,https://boxd.it/1kBm5J,2,,,2020-08-31
2020-09-08,Casino Royale,2006,https://boxd.it/1lm3bR,4,,,2020-09-07
2020-09-08,Quantum of Solace,2008,https://boxd.it/1lmHpf,2,,,2020-09-07
2020-09-10,Red Dragon,2002,https://boxd.it/1lymHr,2,,,2020-09-09
2020-09-14,The Babysitter: Killer Queen,2020,https://boxd.it/1lZ4jZ,1,,,2020-09-13
2020-09-14,Pineapple Express,2008,https://boxd.it/1lZwlJ,3,,,2020-09-13
2020-09-20,There Will Be Blood,2007,https://boxd.it/1mAiSD,5,,,2020-09-19
2020-09-27,Enola Holmes,2020,https://boxd.it/1nhyAL,1,,,2020-09-26
2020-10-01,Bastille Day,2016,https://boxd.it/1nFXkr,1,,,2020-09-30
2020-10-05,Twilight,2008,https://boxd.it/1o3B6Z,2,,,2020-10-02
2020-10-04,Between Two Ferns: The Movie,2019,https://boxd.it/1o0Adf,4,,,2020-10-03
2020-10-11,The Twilight Saga: New Moon,2009,https://boxd.it/1oKTOr,1,,,2020-10-08
2020-10-11,WarGames,1983,https://boxd.it/1oLDud,4,,,2020-10-10
2020-10-17,Moneyball,2011,https://boxd.it/1pjfqz,4,,,2020-10-15
2020-10-19,Bad Day for the Cut,2017,https://boxd.it/1pA4wZ,4,,,2020-10-18
2020-10-19,In a Valley of Violence,2016,https://boxd.it/1pDz3b,3,,,2020-10-18
2020-10-23,Batman: The Killing Joke,2016,https://boxd.it/1q2HlR,2,,,2020-10-22
2020-10-24,Cop Car,2015,https://boxd.it/1qacUd,3,,,2020-10-23
2020-10-26,The Producers,2005,https://boxd.it/1qrtDd,2,,,2020-10-25
2020-11-09,Diamonds Are Forever,1971,https://boxd.it/1rYWln,2,,,2020-11-08
2020-11-09,Live and Let Die,1973,https://boxd.it/1rZxbf,4,,,2020-11-08
2020-11-13,Draft Day,2014,https://boxd.it/1sm1gj,2,,,2020-11-12
2020-11-14,Akira,1988,https://boxd.it/1ssfcR,4.5,Yes,,2020-11-13
2020-11-15,Raiders of the Lost Ark,1981,https://boxd.it/1syuSP,4,Yes,,2020-11-14
2020-11-22,The Nice Guys,2016,https://boxd.it/1tfVHZ,4,Yes,,2020-11-21
2020-11-23,Spectre,2015,https://boxd.it/1tmuR3,2.5,Yes,,2020-11-22
2020-11-23,The Bourne Identity,2002,https://boxd.it/1tnSCt,4,,,2020-11-22
2020-11-23,You Only Live Twice,1967,https://boxd.it/1toNwH,2,,,2020-11-22
2020-11-26,For Your Eyes Only,1981,https://boxd.it/1tE4rJ,1,,,2020-11-25
2020-11-26,The Living Daylights,1987,https://boxd.it/1tH4Zn,3,,,2020-11-25
2020-11-26,Interstellar,2014,https://boxd.it/1tIbYX,4.5,,,2020-11-25
2020-11-29,Moonraker,1979,https://boxd.it/1u3uJJ,2,,,2020-11-28
2020-11-30,The Cabin in the Woods,2011,https://boxd.it/1u73if,4,,,2020-11-29
2020-12-03,Octopussy,1983,https://boxd.it/1uvktH,2,,,2020-12-02
2020-12-05,On Her Majesty's Secret Service,1969,https://boxd.it/1uHV8P,3,,,2020-12-04
2020-12-06,Licence to Kill,1989,https://boxd.it/1uN56z,4,,,2020-12-05
2020-12-12,The Secret Life of Walter Mitty,2013,https://boxd.it/1vuWQh,2,,,2020-12-11
2020-12-14,Ava,2020,https://boxd.it/1vKs29,1,,,2020-12-13
2020-12-20,Syriana,2005,https://boxd.it/1woyvL,4,,,2020-12-19
2020-12-22,The Mechanic,1972,https://boxd.it/1wG7Dz,1,,,2020-12-21
2020-12-24,American Gangster,2007,https://boxd.it/1wRWYZ,4,,,2020-12-23
2020-12-26,Tenet,2020,https://boxd.it/1x8bIp,3,,,2020-12-24
2020-12-27,Mank,2020,https://boxd.it/1xqKVJ,5,,,2020-12-26
2020-12-29,Soul,2020,https://boxd.it/1xOtkp,2,,,2020-12-28
