Date,Name,Year,Letterboxd URI,Rating
2018-03-23,Spider-Man: Homecoming,2017,https://boxd.it/aboM,4
2018-03-23,Cold in July,2014,https://boxd.it/7biS,5
2018-03-23,"Three Billboards Outside Ebbing, Missouri",2017,https://boxd.it/ceBS,4
2018-03-23,Cobra,1986,https://boxd.it/1XDM,4
2018-03-23,Blade Runner 2049,2017,https://boxd.it/b8wK,3
2018-03-23,The Long Kiss Goodnight,1996,https://boxd.it/1TUa,4
2018-03-23,Hard Target,1993,https://boxd.it/27Ck,2
2018-03-23,The Shape of Water,2017,https://boxd.it/dZ5m,4
2018-03-23,Cleopatra Jones,1973,https://boxd.it/1un6,2
2018-03-23,Out of Sight,1998,https://boxd.it/28R6,4.5
2018-03-23,Mute,2018,https://boxd.it/e6nW,3
2018-03-23,Mr. Majestyk,1974,https://boxd.it/1uq0,3
2018-03-23,Layer Cake,2004,https://boxd.it/23LC,3.5
2018-03-23,Kill the Messenger,2014,https://boxd.it/7dFO,4
2018-03-23,Enter the Dragon,1973,https://boxd.it/1YCA,2
2018-03-23,Drive,2011,https://boxd.it/IG,3.5
2018-03-23,Boy,2010,https://boxd.it/13RS,4
2018-03-23,Justice League,2017,https://boxd.it/4w68,2
2018-03-23,"Lock, Stock and Two Smoking Barrels",1998,https://boxd.it/2b92,3
2018-03-23,Bright,2017,https://boxd.it/e1H8,2
2018-03-23,Tinker Tailor Soldier Spy,2011,https://boxd.it/FRY,3
2018-03-23,Rogue One: A Star Wars Story,2016,https://boxd.it/aPvy,3
2018-03-23,The Foreigner,2017,https://boxd.it/dbRg,3
2018-03-23,Geostorm,2017,https://boxd.it/8lC6,2
2018-03-23,What We Do in the Shadows,2014,https://boxd.it/7eQy,4
2018-03-23,Wonder Woman,2017,https://boxd.it/9roG,2
2018-03-23,Atomic Blonde,2017,https://boxd.it/blDk,3
2018-03-23,Wild Wild West,1999,https://boxd.it/205y,1
2018-03-23,Popstar: Never Stop Never Stopping,2016,https://boxd.it/blDa,4
2018-03-23,The Legend of Tarzan,2016,https://boxd.it/7DUU,2
2018-03-23,Baby Driver,2017,https://boxd.it/bhF2,4
2018-03-23,Fantastic Beasts and Where to Find Them,2016,https://boxd.it/7FPC,2
2018-03-23,Cloud Atlas,2012,https://boxd.it/2W60,4
2018-03-23,Logan Lucky,2017,https://boxd.it/dZrs,4
2018-03-23,Ghost in the Shell,2017,https://boxd.it/abTA,2
2018-03-23,Alien: Covenant,2017,https://boxd.it/49UY,3
2018-03-23,xXx: Return of Xander Cage,2017,https://boxd.it/JqC,4
2018-03-23,King Arthur: Legend of the Sword,2017,https://boxd.it/8lDS,1
2018-03-23,The Mummy,2017,https://boxd.it/8HnW,2
2018-03-23,Moana,2016,https://boxd.it/8tfY,4
2018-03-23,Magic Mike,2012,https://boxd.it/2HvY,5
2018-03-23,Train to Busan,2016,https://boxd.it/dSQU,4
2018-03-23,Guardians of the Galaxy Vol. 2,2017,https://boxd.it/8MxC,4
2018-03-23,Hunt for the Wilderpeople,2016,https://boxd.it/cTgG,5
2018-03-23,The Thin Red Line,1998,https://boxd.it/1ZTM,5
2018-03-23,The Game,1997,https://boxd.it/26vC,4
2018-03-23,The Maze Runner,2014,https://boxd.it/5YPM,2
2018-03-23,Point Blank,1967,https://boxd.it/1uAE,4
2018-03-23,Dance of the Drunk Mantis,1979,https://boxd.it/Fzg,5
2018-03-23,John Wick: Chapter 2,2017,https://boxd.it/ayGu,4
2018-03-23,Captain America: Civil War,2016,https://boxd.it/89Ja,3
2018-03-23,Kong: Skull Island,2017,https://boxd.it/9ewM,2
2018-03-23,Sherlock Holmes: A Game of Shadows,2011,https://boxd.it/k3S,4
2018-03-23,Suicide Squad,2016,https://boxd.it/9row,2
2018-03-23,Escape from New York,1981,https://boxd.it/294k,2
2018-03-23,Lucy,2014,https://boxd.it/75hu,2
2018-03-23,Guardians of the Galaxy,2014,https://boxd.it/3VH2,4
2018-03-23,Lucky Number Slevin,2006,https://boxd.it/2aVu,2
2018-03-23,Jack Reacher,2012,https://boxd.it/2BUo,3
2018-03-23,Man of Tai Chi,2013,https://boxd.it/2DUq,3
2018-03-23,Ant-Man,2015,https://boxd.it/3vmW,4
2018-03-23,Jack Ryan: Shadow Recruit,2014,https://boxd.it/4pFq,2
2018-03-23,Ghost in the Shell,1995,https://boxd.it/1YYc,3.5
2018-03-23,Keanu,2016,https://boxd.it/brha,3
2018-03-23,Spy,2015,https://boxd.it/71Ks,4
2018-03-23,X-Men: Apocalypse,2016,https://boxd.it/7eJi,1
2018-03-23,The Ghost Writer,2010,https://boxd.it/1TQW,4
2018-03-23,X-Men: Days of Future Past,2014,https://boxd.it/4aRw,2
2018-03-23,Passengers,2016,https://boxd.it/8lFu,2
2018-03-23,Doctor Strange,2016,https://boxd.it/8MH8,3
2018-03-23,Jack Reacher: Never Go Back,2016,https://boxd.it/buAY,2
2018-03-23,The Hobbit: The Battle of the Five Armies,2014,https://boxd.it/43aU,2
2018-03-23,Demolition Man,1993,https://boxd.it/1XVm,4
2018-03-23,Superman Returns,2006,https://boxd.it/28J2,1
2018-03-23,The Accountant,2016,https://boxd.it/9EhI,2
2018-03-23,Finding Dory,2016,https://boxd.it/4aAA,4
2018-03-23,Big Trouble in Little China,1986,https://boxd.it/21em,3
2018-03-23,John Wick,2014,https://boxd.it/7dEc,4
2018-03-23,Arrival,2016,https://boxd.it/aNGk,4
2018-03-23,Commando,1985,https://boxd.it/1UTs,5
2018-03-23,Battleship,2012,https://boxd.it/QZ0,2
2018-03-23,Ronin,1998,https://boxd.it/20wa,4
2018-03-23,Repo Man,1984,https://boxd.it/1Plg,4
2018-03-23,Star Trek Beyond,2016,https://boxd.it/5Ik4,2
2018-03-23,Johnny Mnemonic,1995,https://boxd.it/1XBQ,2
2018-03-23,Dog Day Afternoon,1975,https://boxd.it/29bg,4
2018-03-23,Fortress,1992,https://boxd.it/1SzA,3
2018-03-23,Westworld,1973,https://boxd.it/26RS,3
2018-03-23,Windy City Heat,2003,https://boxd.it/Lty,5
2018-03-23,Thief,1981,https://boxd.it/1TEc,4
2018-03-23,Safe House,2012,https://boxd.it/hbk,4
2018-03-23,Blade,1998,https://boxd.it/1a8A,4
2018-03-23,Swiss Army Man,2016,https://boxd.it/bDG2,3
2018-03-23,London Has Fallen,2016,https://boxd.it/814o,2
2018-03-23,Executive Action,1973,https://boxd.it/1o6S,3
2018-03-23,Klute,1971,https://boxd.it/2ako,4
2018-03-23,Blood Father,2016,https://boxd.it/9Wsu,4
2018-03-23,Snatch,2000,https://boxd.it/2b7U,4
2018-03-23,The Transporter,2002,https://boxd.it/24Nu,4
2018-03-23,13 Hours: The Secret Soldiers of Benghazi,2016,https://boxd.it/9yzQ,2
2018-03-23,Source Code,2011,https://boxd.it/fdo,3
2018-03-23,Warcraft,2016,https://boxd.it/2czK,2
2018-03-23,Winter Kills,1979,https://boxd.it/XxC,4
2018-03-23,All the President's Men,1976,https://boxd.it/29lU,5
2018-03-23,The Parallax View,1974,https://boxd.it/1ILG,2
2018-03-23,Triple 9,2016,https://boxd.it/4Ec4,3
2018-03-23,The Abyss,1989,https://boxd.it/26mK,4
2018-03-23,Green Room,2015,https://boxd.it/a75m,5
2018-03-23,High-Rise,2015,https://boxd.it/7tmo,2.5
2018-03-23,Star Wars: The Force Awakens,2015,https://boxd.it/4vru,3.5
2018-03-23,Independence Day: Resurgence,2016,https://boxd.it/JwK,2
2018-03-23,The Purge: Election Year,2016,https://boxd.it/ae5I,2
2018-03-23,The Nice Guys,2016,https://boxd.it/94Hg,4
2018-03-23,A Fistful of Dollars,1964,https://boxd.it/2auo,4
2018-03-23,Hellraiser,1987,https://boxd.it/1Zpi,4
2018-03-23,Silent Hill,2006,https://boxd.it/2a3C,2
2018-03-23,Macbeth,2015,https://boxd.it/6FE8,3
2018-03-23,Creed,2015,https://boxd.it/a2qk,5
2018-03-23,Iron Man 3,2013,https://boxd.it/2cBQ,4
2018-03-23,10 Cloverfield Lane,2016,https://boxd.it/aZiu,3
2018-03-23,Batman v Superman: Dawn of Justice,2016,https://boxd.it/6fBW,2
2018-03-23,Hard Boiled,1992,https://boxd.it/1T6a,2
2018-03-23,Everybody Wants Some!!,2016,https://boxd.it/9mgM,5
2018-03-23,Ip Man,2008,https://boxd.it/1NrQ,5
2018-03-23,The Baader Meinhof Complex,2008,https://boxd.it/21fY,4
2018-03-23,Deadpool,2016,https://boxd.it/9fOC,3.5
2018-03-23,Man of Steel,2013,https://boxd.it/FRk,2
2018-03-23,Minority Report,2002,https://boxd.it/2aWi,3
2018-03-23,Hot Rod,2007,https://boxd.it/1X9C,4
2018-03-23,Trumbo,2015,https://boxd.it/9gG0,3
2018-03-23,Hitman: Agent 47,2015,https://boxd.it/7iA0,2
2018-03-23,Spotlight,2015,https://boxd.it/a84k,5
2018-03-23,The Big Short,2015,https://boxd.it/ajZw,5
2018-03-23,Dope,2015,https://boxd.it/9Tho,5
2018-03-23,Léon: The Professional,1994,https://boxd.it/2b8S,5
2018-03-23,Attack the Block,2011,https://boxd.it/hFO,5
2018-03-23,Sin Nombre,2009,https://boxd.it/1ChU,4
2018-03-23,Mission: Impossible - Ghost Protocol,2011,https://boxd.it/psI,4
2018-03-23,The Warriors,1979,https://boxd.it/1TLC,4
2018-03-23,Manhunter,1986,https://boxd.it/1TOw,4
2018-03-23,"The Good, the Bad and the Ugly",1966,https://boxd.it/2ape,4
2018-03-23,Beasts of No Nation,2015,https://boxd.it/8Lp8,5
2018-03-23,Safety Not Guaranteed,2012,https://boxd.it/2Y3M,5
2018-03-23,Edge of Tomorrow,2014,https://boxd.it/4pD0,5
2018-03-23,The Prestige,2006,https://boxd.it/293w,5
2018-03-23,Gamer,2009,https://boxd.it/1GQk,2
2018-03-23,Jin-Roh: The Wolf Brigade,1999,https://boxd.it/29wS,3
2018-03-23,The Revenant,2015,https://boxd.it/8H5e,4
2018-03-23,Bridge of Spies,2015,https://boxd.it/9n9C,3
2018-03-23,The Hateful Eight,2015,https://boxd.it/8gw8,5
2018-03-23,Room,2015,https://boxd.it/7T0y,5
2018-03-23,"I, Tonya",2017,https://boxd.it/dzR0,3
2018-03-28,Four Brothers,2005,https://boxd.it/20o6,4
2018-04-08,Black Panther,2018,https://boxd.it/8MHs,3.5
2018-04-08,Four Lions,2010,https://boxd.it/18do,4
2018-04-11,Ready Player One,2018,https://boxd.it/aZes,1.5
2018-04-16,Isle of Dogs,2018,https://boxd.it/dZrW,4
2018-04-18,Annihilation,2018,https://boxd.it/9yzm,4
2018-04-22,A Quiet Place,2018,https://boxd.it/fVJQ,4
2018-04-24,You Were Never Really Here,2017,https://boxd.it/dWOS,4
2018-04-29,Thor: Ragnarok,2017,https://boxd.it/8MHi,3.5
2018-04-30,Adventureland,2009,https://boxd.it/1JTQ,2.5
2018-04-30,Avengers: Infinity War,2018,https://boxd.it/9vEe,2
2018-06-02,Magic Mike XXL,2015,https://boxd.it/7TTS,3
2018-06-02,Solo: A Star Wars Story,2018,https://boxd.it/bGWs,4
2018-06-02,Deadpool 2,2018,https://boxd.it/dlLM,3
2018-06-05,Upgrade,2018,https://boxd.it/i4gW,4
2018-06-12,Hotel Artemis,2018,https://boxd.it/ejwW,3
2018-06-12,Ocean's Eight,2018,https://boxd.it/eaai,3
2018-06-12,American Animals,2018,https://boxd.it/hE4K,3
2018-06-25,Incredibles 2,2018,https://boxd.it/7IPg,3
2018-06-25,Tag,2018,https://boxd.it/gh7Y,3.5
2018-07-11,Jurassic World: Fallen Kingdom,2018,https://boxd.it/bOnU,2
2018-07-14,Sicario: Day of the Soldado,2018,https://boxd.it/e4fG,2
2018-07-16,Mission: Impossible,1996,https://boxd.it/29d2,3
2018-07-18,Tomb Raider,2018,https://boxd.it/bgbA,3
2018-07-30,Equilibrium,2002,https://boxd.it/211s,1
2018-07-30,Red Sparrow,2018,https://boxd.it/e7Pi,3
2018-08-02,Tell No One,2006,https://boxd.it/1Vns,4
2018-08-07,Rampage,2018,https://boxd.it/f9a4,3
2018-08-07,Game Night,2018,https://boxd.it/fRtu,3
2018-08-08,Mission: Impossible - Fallout,2018,https://boxd.it/bSVc,4
2018-08-12,Skyscraper,2018,https://boxd.it/fVqa,3
2018-08-15,The Hurricane Heist,2018,https://boxd.it/ff6s,2
2018-08-17,Den of Thieves,2018,https://boxd.it/g17e,2
2018-08-19,The Hitman's Bodyguard,2017,https://boxd.it/dCmO,4
2018-08-21,The Death of Stalin,2017,https://boxd.it/ea9Y,4
2018-08-23,Wind River,2017,https://boxd.it/dR3i,4
2018-08-25,Chinatown,1974,https://boxd.it/29vU,4
2018-08-29,Papillon,2017,https://boxd.it/fnvK,2
2018-08-29,The Terminator,1984,https://boxd.it/2aQY,4
2018-09-17,Tampopo,1985,https://boxd.it/1SZe,3
2018-09-24,Inside Man,2006,https://boxd.it/2auS,4
2018-09-24,Spectre,2015,https://boxd.it/6bXY,2.5
2018-09-27,My Neighbor Totoro,1988,https://boxd.it/20eA,4
2018-09-28,Live by Night,2016,https://boxd.it/7GJA,3
2018-10-01,Blade of the Immortal,2017,https://boxd.it/f5Pi,2
2018-10-17,Public Enemies,2009,https://boxd.it/1U8m,2
2018-10-25,Coco,2017,https://boxd.it/bYJQ,4
2018-10-25,Collateral,2004,https://boxd.it/28F0,4
2018-10-26,In Order of Disappearance,2014,https://boxd.it/7pCW,4
2018-10-31,The Last Airbender,2010,https://boxd.it/1WQK,2
2018-11-05,The Titan,2018,https://boxd.it/h7K4,2
2018-11-05,Righteous Kill,2008,https://boxd.it/1Qhk,1
2018-11-05,Swordfish,2001,https://boxd.it/1Y0m,2
2018-11-13,The Outsider,2018,https://boxd.it/6190,2
2018-11-13,Acts of Vengeance,2017,https://boxd.it/fStg,1
2018-11-13,Outlaw King,2018,https://boxd.it/gcxi,2
2018-11-27,The Ballad of Buster Scruggs,2018,https://boxd.it/jB2q,3
2018-11-27,Sorry to Bother You,2018,https://boxd.it/f21E,4
2018-12-02,Venom,2018,https://boxd.it/b8wA,3
2018-12-02,Mile 22,2018,https://boxd.it/bEwM,1
2018-12-06,Peppermint,2018,https://boxd.it/gnOE,2
2018-12-29,Bad Times at the El Royale,2018,https://boxd.it/fSA2,4
2018-12-31,Spider-Man: Into the Spider-Verse,2018,https://boxd.it/azpY,4.5
2018-12-31,Gringo,2018,https://boxd.it/bj4C,2.5
2019-01-05,The Predator,2018,https://boxd.it/bDw2,3
2019-01-05,BlacKkKlansman,2018,https://boxd.it/hxL8,3
2019-01-10,Mandy,2018,https://boxd.it/gtti,3
2019-01-13,Split,2016,https://boxd.it/dgSy,4
2019-01-20,Total Recall,1990,https://boxd.it/29qK,3.5
2019-01-22,Next,2007,https://boxd.it/28bY,1.5
2019-01-24,The Commuter,2018,https://boxd.it/dZ36,2
2019-01-26,Paddington,2014,https://boxd.it/3RKw,4.5
2019-01-26,Widows,2018,https://boxd.it/e6gc,3.5
2019-01-27,The Standoff at Sparrow Creek,2018,https://boxd.it/iJ9M,4
2019-01-27,Aquaman,2018,https://boxd.it/9ru0,2.5
2019-01-28,Witness,1985,https://boxd.it/1Z4O,3.5
2019-02-06,Paddington 2,2017,https://boxd.it/bCF8,4
2019-02-17,Raising Arizona,1987,https://boxd.it/2avQ,3.5
2019-02-18,Inherent Vice,2014,https://boxd.it/5hla,3
2019-02-18,Kiss Kiss Bang Bang,2005,https://boxd.it/23c8,4
2019-02-19,The Favourite,2018,https://boxd.it/d2hI,3
2019-02-20,Braven,2018,https://boxd.it/grxM,3
2019-02-26,Bloodsport,1988,https://boxd.it/1Tee,2.5
2019-03-09,Heat,1995,https://boxd.it/2bg8,4.5
2019-03-09,Doom,2005,https://boxd.it/1ZOW,2
2019-03-10,The Emperor's New Groove,2000,https://boxd.it/1Tey,4.5
2019-03-14,Hot Fuzz,2007,https://boxd.it/2416,3.5
2019-03-16,The Crew,2015,https://boxd.it/dLNO,3
2019-03-17,Hell or High Water,2016,https://boxd.it/bfGM,4.5
2019-03-17,As Good as It Gets,1997,https://boxd.it/268y,3.5
2019-03-21,The Fugitive,1993,https://boxd.it/230G,4
2019-03-21,Overlord,2018,https://boxd.it/fAwm,3.5
2019-03-22,Destroyer,2018,https://boxd.it/gU4u,3.5
2019-03-23,The Silence of the Lambs,1991,https://boxd.it/2aHW,4
2019-03-28,Akira,1988,https://boxd.it/2b1i,4.5
2019-04-05,Bumblebee,2018,https://boxd.it/f21O,1.5
2019-04-12,The Man from Nowhere,2010,https://boxd.it/AZy,3
2019-04-17,Ocean's Eleven,2001,https://boxd.it/2aZm,5
2019-04-19,Ocean's Twelve,2004,https://boxd.it/2aZ2,2
2019-04-21,Ocean's Thirteen,2007,https://boxd.it/2aEy,3
2019-05-01,Captain Marvel,2019,https://boxd.it/9vSA,4
2019-05-02,Avengers: Endgame,2019,https://boxd.it/9vE4,2
2019-05-03,Glass,2019,https://boxd.it/g3uO,2.5
2019-05-05,Shadow,2018,https://boxd.it/gzLi,3.5
2019-05-07,Ant-Man and the Wasp,2018,https://boxd.it/cqUW,3
2019-05-12,Shaft,1971,https://boxd.it/2ais,2
2019-05-13,Shaft,2000,https://boxd.it/2aiW,1
2019-05-14,Cold Pursuit,2019,https://boxd.it/fA80,2
2019-05-17,Serenity,2019,https://boxd.it/g9sk,1.5
2019-05-23,Fantastic Beasts: The Crimes of Grindelwald,2018,https://boxd.it/bg8G,1.5
2019-05-23,Toy Story 2,1999,https://boxd.it/29qq,4
2019-05-26,Robin Hood,2018,https://boxd.it/d3bc,1.5
2019-05-26,Toy Story 3,2010,https://boxd.it/1WRe,5
2019-05-27,Point Break,1991,https://boxd.it/2958,4
2019-05-29,A History of Violence,2005,https://boxd.it/2bfa,4
2019-06-03,Raiders of the Lost Ark,1981,https://boxd.it/2bbs,4
2019-06-07,"Extremely Wicked, Shockingly Evil and Vile",2019,https://boxd.it/glCG,3
2019-06-08,Con Air,1997,https://boxd.it/28gO,2
2019-06-09,I Am Mother,2019,https://boxd.it/ihNE,3
2019-06-13,Pokémon Detective Pikachu,2019,https://boxd.it/fVA0,3.5
2019-06-14,"Monsters, Inc.",2001,https://boxd.it/2a46,4
2019-06-15,Predestination,2014,https://boxd.it/6bJM,4
2019-06-17,Déjà Vu,2006,https://boxd.it/20PQ,3
2019-06-17,2036: Nexus Dawn,2017,https://boxd.it/gXZo,3
2019-06-17,2048: Nowhere to Run,2017,https://boxd.it/h4uC,2
2019-06-17,Blade Runner: Black Out 2022,2017,https://boxd.it/h5sM,4
2019-06-18,"Hail, Caesar!",2016,https://boxd.it/881G,2
2019-06-22,Crimson Tide,1995,https://boxd.it/1ZuM,3.5
2019-06-30,Idiocracy,2006,https://boxd.it/20RW,2.5
2019-06-30,Last Action Hero,1993,https://boxd.it/1YhW,4
2019-07-01,Burn After Reading,2008,https://boxd.it/23BW,5
2019-07-01,Get Out,2017,https://boxd.it/eOCm,4.5
2019-07-02,No Country for Old Men,2007,https://boxd.it/21ew,5
2019-07-08,Ice Age,2002,https://boxd.it/2apS,1.5
2019-07-09,Alita: Battle Angel,2019,https://boxd.it/e0rS,2
2019-07-09,Captain America: The First Avenger,2011,https://boxd.it/28b0,2.5
2019-07-09,Captain America: The Winter Soldier,2014,https://boxd.it/3r58,2.5
2019-07-10,The Fast and the Furious,2001,https://boxd.it/1XMu,3
2019-07-13,The Lobster,2015,https://boxd.it/7tnw,4
2019-07-14,Under the Silver Lake,2018,https://boxd.it/dSAs,2.5
2019-07-15,Aliens,1986,https://boxd.it/29PA,3.5
2019-07-15,The Crow,1994,https://boxd.it/1Yxq,3.5
2019-07-16,2 Fast 2 Furious,2003,https://boxd.it/2a4g,4
2019-07-17,Batman Begins,2005,https://boxd.it/2aIg,3
2019-07-22,John Carter,2012,https://boxd.it/FQ2,1.5
2019-07-22,Indiana Jones and the Last Crusade,1989,https://boxd.it/2baO,4
2019-07-22,The Hangover,2009,https://boxd.it/1GjK,3.5
2019-07-30,Billy Elliot,2000,https://boxd.it/2bdy,4
2019-08-01,Pocahontas,1995,https://boxd.it/1W2g,2.5
2019-08-10,Shazam!,2019,https://boxd.it/8WBu,1.5
2019-08-10,The Dark Knight,2008,https://boxd.it/2b0k,3.5
2019-08-11,The Pink Panther,2006,https://boxd.it/1Sys,1.5
2019-08-12,Inglourious Basterds,2009,https://boxd.it/1JzG,3.5
2019-08-13,Robin Hood,2010,https://boxd.it/1D6o,2
2019-08-14,The Fast and the Furious: Tokyo Drift,2006,https://boxd.it/1Yeo,3.5
2019-08-15,Mission: Impossible - Rogue Nation,2015,https://boxd.it/5rI4,4.5
2019-08-15,Morgan,2016,https://boxd.it/d6Yw,2
2019-08-15,Horrible Bosses,2011,https://boxd.it/Ba2,4
2019-08-15,RED,2010,https://boxd.it/13uu,2
2019-08-21,Us,2019,https://boxd.it/gnV6,3.5
2019-08-21,Dazed and Confused,1993,https://boxd.it/1Ylk,2.5
2019-08-29,Paris Is Burning,1990,https://boxd.it/1jzg,5
2019-09-02,The Wandering Earth,2019,https://boxd.it/jtJc,2
2019-09-02,Ralph Breaks the Internet,2018,https://boxd.it/edAy,2
2019-09-04,The Lord of the Rings: The Two Towers,2002,https://boxd.it/2b5E,4
2019-09-04,The Lord of the Rings: The Return of the King,2003,https://boxd.it/2b5u,3
2019-09-07,Travis Scott: Look Mom I Can Fly,2019,https://boxd.it/na98,2
2019-09-21,Unicorn Store,2017,https://boxd.it/f05u,2
2019-09-27,Her,2013,https://boxd.it/4O24,3.5
2019-09-29,John Wick: Chapter 3 - Parabellum,2019,https://boxd.it/gmFw,3.5
2019-09-29,Dark Phoenix,2019,https://boxd.it/anyO,1.5
2019-09-29,Polar,2019,https://boxd.it/hoZg,1
2019-09-30,The Night Comes for Us,2018,https://boxd.it/g2lc,3.5
2019-10-01,Ad Astra,2019,https://boxd.it/ePzI,4.5
2019-10-08,Spider-Man: Far from Home,2019,https://boxd.it/fegG,2.5
2019-10-08,Godzilla: King of the Monsters,2019,https://boxd.it/cY7Y,1.5
2019-10-08,The American,2010,https://boxd.it/dSE,4
2019-10-10,Burning,2018,https://boxd.it/hHUa,4
2019-10-10,The Siege of Jadotville,2016,https://boxd.it/b2HM,2.5
2019-10-14,Jackie Brown,1997,https://boxd.it/2aVO,3.5
2019-10-15,Kedi,2016,https://boxd.it/dHxM,5
2019-10-18,Insidious,2010,https://boxd.it/H4k,2.5
2019-10-25,Rosemary's Baby,1968,https://boxd.it/29zM,4
2019-11-02,The Thing,1982,https://boxd.it/294O,4
2019-11-05,In the Shadow of the Moon,2019,https://boxd.it/jhx4,2
2019-11-07,Dante's Peak,1997,https://boxd.it/1YdK,1.5
2019-11-11,District 9,2009,https://boxd.it/1Iik,3.5
2019-11-14,Star Wars: The Last Jedi,2017,https://boxd.it/5xme,2
2019-11-14,Rumble in the Bronx,1995,https://boxd.it/1fi6,3.5
2019-11-18,mother!,2017,https://boxd.it/dgRU,2.5
2019-11-20,Joker,2019,https://boxd.it/h4cS,3.5
2019-11-21,GoldenEye,1995,https://boxd.it/29KU,3.5
2019-11-21,Tomorrow Never Dies,1997,https://boxd.it/29Kg,4
2019-11-24,Once Upon a Time… in Hollywood,2019,https://boxd.it/gH0O,3.5
2019-11-24,Shaun of the Dead,2004,https://boxd.it/29J8,2.5
2019-11-24,Kingsman: The Secret Service,2014,https://boxd.it/6dxe,3.5
2019-11-24,Kingsman: The Golden Circle,2017,https://boxd.it/buJm,1.5
2019-11-25,Fantastic Mr. Fox,2009,https://boxd.it/1WyQ,4.5
2019-11-27,Mad Max: Fury Road,2015,https://boxd.it/2DjO,4.5
2019-11-28,Minions,2015,https://boxd.it/6jCO,2
2019-12-01,Harry Potter and the Half-Blood Prince,2009,https://boxd.it/29FU,2
2019-12-02,The Last Black Man in San Francisco,2019,https://boxd.it/iWAw,4.5
2019-12-02,Yesterday,2019,https://boxd.it/iF7M,3
2019-12-02,Harry Potter and the Deathly Hallows: Part 2,2011,https://boxd.it/1RYk,2.5
2019-12-08,El Camino: A Breaking Bad Movie,2019,https://boxd.it/kv0q,3.5
2019-12-13,Fast & Furious Presents: Hobbs & Shaw,2019,https://boxd.it/dnDA,2.5
2019-12-13,Angel Has Fallen,2019,https://boxd.it/eYfC,1.5
2019-12-15,6 Underground,2019,https://boxd.it/irU6,1
2019-12-27,Catch Me If You Can,2002,https://boxd.it/29VS,3.5
2019-12-27,Hustlers,2019,https://boxd.it/jIBM,4.5
2019-12-27,Star Wars: The Rise of Skywalker,2019,https://boxd.it/5xlK,2
2019-12-28,The Irishman,2019,https://boxd.it/dYOq,4
2019-12-30,Self/less,2015,https://boxd.it/71yw,1
2019-12-31,Dr. No,1962,https://boxd.it/29UU,4
2020-01-01,From Russia with Love,1963,https://boxd.it/29T8,4
2020-01-01,Goldfinger,1964,https://boxd.it/29SY,3
2020-01-01,Thunderball,1965,https://boxd.it/29SE,2
2020-01-02,Panic Room,2002,https://boxd.it/2490,4
2020-01-04,Parasite,2019,https://boxd.it/hTha,5
2020-01-05,Shot Caller,2017,https://boxd.it/bihA,3
2020-01-05,Sweet Virginia,2017,https://boxd.it/eBmA,3
2020-01-05,A Serious Man,2009,https://boxd.it/1RFW,3
2020-01-08,Star Wars: Episode I - The Phantom Menace,1999,https://boxd.it/27Vc,3
2020-01-08,Star Wars: Episode II - Attack of the Clones,2002,https://boxd.it/27V2,1.5
2020-01-09,Star Wars: Episode III - Revenge of the Sith,2005,https://boxd.it/27US,2
2020-01-09,Star Wars,1977,https://boxd.it/72s,4
2020-01-09,The Empire Strikes Back,1980,https://boxd.it/27Vw,4
2020-01-09,Return of the Jedi,1983,https://boxd.it/27Vm,2.5
2020-01-09,Honeyland,2019,https://boxd.it/kL8K,3
2020-01-12,Becoming Jane,2007,https://boxd.it/261C,2
2020-01-13,Little Women,2019,https://boxd.it/aSVk,3.5
2020-01-15,Event Horizon,1997,https://boxd.it/20d8,3
2020-01-15,The French Connection,1971,https://boxd.it/296g,3
2020-01-20,Furie,2019,https://boxd.it/kP80,2.5
2020-01-23,Only God Forgives,2013,https://boxd.it/2HBs,3
2020-01-24,The Two Popes,2019,https://boxd.it/k8Xk,4
2020-01-25,The World Is Not Enough,1999,https://boxd.it/1a94,2
2020-01-25,Snowpiercer,2013,https://boxd.it/3Icg,3
2020-01-29,Goldman v Silverman,2020,https://boxd.it/oIV8,2.5
2020-01-29,1917,2019,https://boxd.it/jj4y,4
2020-02-07,Pan's Labyrinth,2006,https://boxd.it/28No,4
2020-02-07,American Assassin,2017,https://boxd.it/eFLE,1.5
2020-02-21,Knives Out,2019,https://boxd.it/jWEA,4
2020-02-23,Jojo Rabbit,2019,https://boxd.it/iEBG,3.5
2020-03-09,Free Fire,2016,https://boxd.it/b2Ig,3
2020-03-09,The Score,2001,https://boxd.it/1U0C,3
2020-03-22,The Naked Gun: From the Files of Police Squad!,1988,https://boxd.it/18YE,3.5
2020-03-22,The Other Guys,2010,https://boxd.it/1rtq,2
2020-03-27,Dirty Harry,1971,https://boxd.it/299E,3
2020-03-28,Slow West,2015,https://boxd.it/6CwK,4.5
2020-03-31,Eyes Wide Shut,1999,https://boxd.it/2axs,4
2020-04-01,Gemini Man,2019,https://boxd.it/gaUu,4
2020-04-04,Midsommar,2019,https://boxd.it/jhxe,4
2020-04-04,The Art of Self-Defense,2019,https://boxd.it/hf5y,2
2020-04-07,Onward,2020,https://boxd.it/io92,2.5
2020-04-08,American Ultra,2015,https://boxd.it/7KXc,2
2020-04-13,Portrait of a Lady on Fire,2019,https://boxd.it/jkPq,3.5
2020-04-13,28 Days Later,2002,https://boxd.it/2aXU,2.5
2020-04-18,Killing Them Softly,2012,https://boxd.it/IQ,3.5
2020-04-26,Extraction,2020,https://boxd.it/jUjA,3.5
2020-04-27,The Adventures of Tintin,2011,https://boxd.it/1Irc,4
2020-04-28,The Limey,1999,https://boxd.it/1Woc,3.5
2020-04-29,Haywire,2011,https://boxd.it/2tx2,2
2020-05-01,Lethal Weapon,1987,https://boxd.it/29e0,3.5
2020-05-02,Frozen II,2019,https://boxd.it/aPvo,1.5
2020-05-04,Dolemite Is My Name,2019,https://boxd.it/je6E,4
2020-05-11,The Perks of Being a Wallflower,2012,https://boxd.it/2ZA8,1.5
2020-05-21,Good Time,2017,https://boxd.it/fcFu,3.5
2020-05-22,Road to Perdition,2002,https://boxd.it/24Lo,1.5
2020-05-26,Ace Ventura: Pet Detective,1994,https://boxd.it/25RW,2.5
2020-06-02,Cop Land,1997,https://boxd.it/27ly,4
2020-06-08,Super 8,2011,https://boxd.it/dVI,3
2020-06-09,Starship Troopers,1997,https://boxd.it/2a7k,4
2020-06-16,Gladiator,2000,https://boxd.it/2b9m,4
2020-06-23,Mulan,1998,https://boxd.it/1VFw,3.5
2020-06-29,Air Force One,1997,https://boxd.it/1XQw,2.5
2020-07-27,The Old Guard,2020,https://boxd.it/jY2e,3
2020-07-27,Palm Springs,2020,https://boxd.it/lCXQ,4
2020-07-28,Salt,2010,https://boxd.it/1rtK,2
2020-07-29,Hostage,2005,https://boxd.it/27Bc,2
2020-07-31,The Saint,1997,https://boxd.it/1Xkq,2
2020-08-02,Black Sea,2014,https://boxd.it/7dW6,4
2020-08-03,The Firm,1993,https://boxd.it/18JY,3
2020-08-09,Mad Max,1979,https://boxd.it/1Y7i,3
2020-08-09,2012,2009,https://boxd.it/1OE2,2
2020-08-10,Gone Girl,2014,https://boxd.it/6hQu,4
2020-08-16,Birds of Prey (and the Fantabulous Emancipation of One Harley Quinn),2020,https://boxd.it/hSyO,2
2020-08-27,Project Power,2020,https://boxd.it/ml8S,2
2020-08-29,The Last Days of American Crime,2020,https://boxd.it/bgx2,1
2020-09-01,Walk Hard: The Dewey Cox Story,2007,https://boxd.it/21wK,2
2020-09-08,Casino Royale,2006,https://boxd.it/1alk,4
2020-09-08,Quantum of Solace,2008,https://boxd.it/1Vs8,2
2020-09-10,Red Dragon,2002,https://boxd.it/1Yrs,2
2020-09-14,The Babysitter: Killer Queen,2020,https://boxd.it/n4VA,1
2020-09-14,Pineapple Express,2008,https://boxd.it/1WRS,3
2020-09-20,There Will Be Blood,2007,https://boxd.it/20Z2,5
2020-09-27,Enola Holmes,2020,https://boxd.it/hX2o,1
2020-10-01,Bastille Day,2016,https://boxd.it/aZYK,1
2020-10-04,Between Two Ferns: The Movie,2019,https://boxd.it/lw9g,4
2020-10-05,Twilight,2008,https://boxd.it/1Zui,2
2020-10-11,The Twilight Saga: New Moon,2009,https://boxd.it/1Hj2,1
2020-10-11,WarGames,1983,https://boxd.it/29qU,4
2020-10-17,Moneyball,2011,https://boxd.it/glS,4
2020-10-19,Bad Day for the Cut,2017,https://boxd.it/ff6M,4
2020-10-19,In a Valley of Violence,2016,https://boxd.it/987Q,3
2020-10-23,Batman: The Killing Joke,2016,https://boxd.it/djxe,2
2020-10-24,Cop Car,2015,https://boxd.it/9X0G,3
2020-10-26,The Producers,2005,https://boxd.it/1XzU,2
2020-11-09,Diamonds Are Forever,1971,https://boxd.it/29Pg,2
2020-11-09,Live and Let Die,1973,https://boxd.it/2aLk,4
2020-11-13,Draft Day,2014,https://boxd.it/61XO,2
2020-11-23,The Bourne Identity,2002,https://boxd.it/26EO,4
2020-11-23,You Only Live Twice,1967,https://boxd.it/29Rw,2
2020-11-26,For Your Eyes Only,1981,https://boxd.it/29MG,1
2020-11-26,The Living Daylights,1987,https://boxd.it/29Le,3
2020-11-26,Interstellar,2014,https://boxd.it/4VZ8,4.5
2020-11-29,Moonraker,1979,https://boxd.it/29MQ,2
2020-11-30,The Cabin in the Woods,2011,https://boxd.it/1zOc,4
2020-12-03,Octopussy,1983,https://boxd.it/29Mw,2
2020-12-05,On Her Majesty's Secret Service,1969,https://boxd.it/29Rm,3
2020-12-06,Licence to Kill,1989,https://boxd.it/29L4,4
2020-12-12,The Secret Life of Walter Mitty,2013,https://boxd.it/3SWy,2
2020-12-14,Ava,2020,https://boxd.it/jFH8,1
2020-12-20,Syriana,2005,https://boxd.it/2aOS,4
2020-12-22,The Mechanic,1972,https://boxd.it/1F9u,1
2020-12-24,American Gangster,2007,https://boxd.it/23wi,4
2020-12-26,Tenet,2020,https://boxd.it/leq4,3
2020-12-27,Mank,2020,https://boxd.it/mIuC,5
2020-12-29,Soul,2020,https://boxd.it/ioLA,2
